geoid,ACCESS2,CANCER,CASTHMA,CHD,COPD,STROKE
48039660100,16.9,7.2,7.8,5,5.6,2.8
48039660200,18.9,5.6,7.8,4,4.7,2.3
48039660300,18.2,6.1,7.7,4,4.4,2.3
48039660400,19.2,5.2,7.7,3.7,4.2,2.2
48039660500,24.4,5.9,7.9,4.9,5.3,2.8
48039660601,19.3,6.8,7.6,4.7,4.8,2.9
48039660602,20.2,4,7.5,2.7,3.2,1.9
48039660701,17,4.5,7.8,3,3.4,2
48039660702,17.1,4.9,7.4,3.1,3.6,1.9
48039660801,20.3,5,7.6,3.3,3.9,2.1
48039660802,20.9,4.9,8,3.4,4.3,2.1
48039660900,33.8,5,8.6,5.2,6.4,3
48039661000,25.5,6.1,8,5,5.9,2.8
48039661100,30.2,5.4,8.8,5.1,6.6,2.9
48039661200,29.2,5.5,9.1,5.6,7.1,3.2
48039661300,37.9,5.5,9.3,6.9,8.6,3.9
48039661400,26.9,6.8,8.7,6.1,7.5,3.4
48039661501,29.5,6.3,9,6.5,8.2,3.6
48039661502,24.5,6.5,8.7,6.1,7.5,3.4
48039661601,23,6.4,8.3,5.4,6.3,3
48039661602,30.5,5.1,8.6,4.8,6.1,2.7
48039661700,24.3,6.7,8.9,6.1,7.9,3.4
48039661800,25.3,6,8.2,5.1,6.2,3
48039661900,32.2,4.6,7.5,5.4,6,3.3
48039662000,23.1,7.5,8.7,6.6,7.7,3.8
48039662100,24.8,6.2,8.4,5.3,6.2,3.2
48039662200,25.4,5.5,8.7,4.8,6.3,2.9
48039662300,28.2,6.8,9.3,7.2,8.8,4.1
48039662400,25.3,6.7,8.7,6,7.3,3.4
48039662500,23.6,7.7,8.4,6.6,7.1,3.8
48039662600,21.2,7.3,8.5,5.8,6.8,3.3
48039662700,24.5,7.1,9.2,7.6,9.3,4.3
48039662800,24.1,7.5,9.1,7.1,8.4,4.2
48039662900,25.1,6.8,9.1,6.6,8.2,3.8
48039663100,21.9,6.7,7.7,5.6,6.3,3.2
48039663700,26.7,5.3,8.5,4.7,5.8,2.7
48039664000,34.1,5,8.6,5.1,6.3,3
48039664100,30.6,6.3,8.6,6.2,7.5,3.5
48039664200,24.9,7.4,9.2,8.2,10.1,4.4
48071710100,18.3,6.5,8.8,5.1,6.5,2.9
48071710200,20,5.6,8.6,4.3,5.6,2.5
48071710300,21.5,7.4,9.4,6.8,8.1,4.3
48071710401,24.5,7.2,8.9,6.6,7.8,3.7
48071710500,35.3,6.5,10.2,8.5,11.2,4.9
48157670101,42,4,10.2,5,6.5,3.7
48157670102,32.8,4.4,10.6,4.6,6.1,4
48157670200,33.9,4.5,10.5,4.8,6.4,4
48157670300,31,5.3,11.4,6.5,8.3,5.6
48157670400,25.9,5,10.9,4.8,6.2,4.4
48157670500,23.8,5,9.8,4,5.1,3.5
48157670601,22.2,4.9,10.5,4.1,5.2,3.8
48157670602,30.3,4.6,11,5,6.6,4.4
48157670700,20.2,4.9,8.9,3.6,4.1,2.8
48157670800,32.1,3.9,10.6,4,5.6,3.4
48157670901,16.4,5.3,8,3.4,3.9,2.5
48157670902,27.1,3.5,9.1,2.5,3.4,2.1
48157671001,14.4,8.7,8,5.5,5.5,3.2
48157671002,20.5,6.4,9.2,4.8,5.6,3.4
48157671100,28.7,5.2,8.7,4.5,5.3,3.2
48157671200,28.6,4.6,9.4,4.1,5.2,3.2
48157671300,32.3,4.5,9.8,4.8,6.6,3.4
48157671400,26.8,3.5,8.2,3.3,4.2,2.3
48157671501,17.5,5.5,7.2,3.9,4,2.6
48157671502,16,4.8,7.2,3.1,3.3,2.2
48157671601,16.2,5.4,7.1,3.6,3.9,2.2
48157671602,14.4,5.6,7,3.7,3.8,2.2
48157671700,13.7,9.6,7.5,6.8,6.3,3.6
48157671800,25.2,5,8.4,4.1,4.9,2.6
48157671900,17.8,7.2,7.8,5,5.4,2.9
48157672001,22.7,4.9,7.4,4.2,4.7,2.7
48157672002,22.5,4.5,8.1,3.6,4.2,2.4
48157672100,14.5,8.5,6.9,5.7,5.2,3.1
48157672200,16.5,7,7.9,4.7,5.1,2.8
48157672301,24.4,4,7.3,3.4,4,2.3
48157672302,19.6,5.8,7.6,4.1,4.9,2.4
48157672400,27.9,4.6,8.1,3.9,4.7,2.6
48157672500,28.6,4.8,8.5,4.7,5.5,3.2
48157672601,38.1,4.2,9.5,4.8,6.4,3.3
48157672602,26.6,4.1,8.8,3.6,4.5,2.8
48157672701,27.3,4,8.1,3.7,4.5,2.7
48157672702,20.8,4.5,8.2,3.3,4.3,2.3
48157672800,22.1,3.8,7.4,3.1,3.8,2.1
48157672900,21.5,3.8,7.8,2.5,3.2,1.8
48157673001,12.5,6.2,7.6,3.6,4,2.1
48157673002,18.5,5.4,8.1,4,4.9,2.4
48157673003,13.6,4.9,7.1,2.7,3.1,1.6
48157673101,15.9,4.9,7.4,2.8,3.3,1.7
48157673102,15.9,5.7,7.3,3.4,3.8,2
48157673200,14,5.9,7.8,3.4,3.8,2
48157673300,12.9,8.3,8,5.3,5.6,2.9
48157673400,16.8,5.6,7.9,3.5,4.1,2.1
48157673500,16,6.3,8.4,4.3,5.3,2.6
48157673600,15.3,7,8.1,4.4,5.3,2.5
48157673700,36.6,4,7.6,6.1,7.1,3.8
48157673800,20.6,4.4,7.1,3.2,3.8,2
48157673901,14.1,5.5,7,3.6,3.9,2.2
48157673902,15.6,4.3,5.6,2.7,2.5,1.7
48157674000,16.9,6.5,7.2,4.8,5,2.8
48157674100,14.9,6.2,7.5,4.1,4.5,2.4
48157674200,10.6,6.4,6.6,3.7,3.4,2.1
48157674300,15.3,5.1,6.8,3.4,3.5,2.1
48157674400,14.6,5,6.5,3.2,3.4,2
48157674501,16.3,4.9,7.7,2.9,3.3,2
48157674502,17.5,4.8,8,3,3.7,2
48157674601,12.5,8.4,7.4,5,4.8,2.8
48157674602,14.6,5.8,7.6,3.4,3.9,2.1
48157674603,23.2,5.3,8.8,4.2,5.5,2.6
48157674604,18.7,4.4,7.6,2.8,3.3,2
48157674700,20,4.9,7.7,3.5,3.9,2.3
48157674800,38.4,5.6,9.5,6.4,8,3.9
48157674900,48.9,4.7,10.1,7.3,8.7,4.7
48157675000,47.6,4.5,9.3,6.5,7,3.9
48157675100,32.8,5.4,9.1,5.1,6.3,3.2
48157675200,39.6,5.6,9,6,7.3,3.5
48157675300,42.4,5.7,8.8,6.3,7.3,3.7
48157675400,34.1,5.4,8.9,5.4,6.7,3.1
48157675500,24.3,4.8,8.3,3.5,4.3,2.3
48157675600,24,6.3,8.6,5.1,6.5,2.9
48157675700,28.7,6.6,9.3,6.4,8.3,3.8
48157675800,34.5,6.7,10.1,8,9.9,5.1
48167720100,16.5,7.6,7.7,5.4,5.8,2.8
48167720200,13.3,9,7.3,5.9,5.3,2.9
48167720301,16.7,9.1,7.8,6.8,6.7,3.4
48167720302,14.8,7.2,7.7,4.9,5.2,2.6
48167720400,12.7,6.2,7.5,3.9,4.3,2.1
48167720501,17.4,6.5,7.9,4.9,5.4,2.6
48167720502,19.7,5.7,7.8,4.2,4.8,2.4
48167720503,16.3,4.9,7.4,3,3.6,1.7
48167720600,19.6,4.9,7.7,3.3,3.9,1.9
48167720700,18.3,5.6,7.7,4,4.4,2.2
48167720800,24.7,6.9,8.9,6.8,7.5,4.1
48167720900,27.5,6.5,8.7,6.3,7.3,3.5
48167721000,24.6,8.2,9,8.8,10,4.5
48167721100,34.5,5,9.2,5.7,7.4,3.3
48167721201,17.3,5.3,7.8,3.6,4.2,2
48167721202,18.6,5,7.9,3.5,4.3,2
48167721300,21.8,6.4,7.9,5.2,5.8,2.8
48167721400,14.9,6.7,8,5.1,5.6,2.7
48167721500,14.2,7.5,7.5,5,5.1,2.6
48167721600,30,6.7,8.8,6.9,8.5,3.6
48167721700,32.8,5.5,9.1,6.5,8.5,3.5
48167721800,31,6.9,9.8,9.9,12.6,5.1
48167721900,30.1,6,10.2,7,8.7,4.4
48167722001,24,6.2,8.3,5.3,6.1,2.9
48167722002,28.7,7.2,9,7.3,8.5,4.1
48167722100,27.5,7.5,8.8,7.7,8.5,4.1
48167722200,35,6.6,10.2,9,10.2,5.9
48167722300,39.3,5.7,10,8.2,10.1,4.8
48167722600,27.9,6,9.6,6.3,7.3,4.4
48167722700,26.1,7.1,10.2,7.6,7.9,6.1
48167722800,33.4,6.9,10.1,8.7,10.2,5.3
48167722900,30.9,7.6,9.9,9.3,10.8,5.3
48167723000,26.5,7,9.8,7.3,7.8,5.2
48167723100,26.2,7,9.2,7,7.5,4.4
48167723200,25,7,8.7,6.5,7.2,3.7
48167723300,21.1,7.2,8.5,6.3,7.5,3.3
48167723400,21.5,7.2,8.8,6.8,8.2,3.5
48167723501,19,7.4,8.1,5.6,6.3,2.9
48167723502,22.4,6.9,8.6,6.1,7.5,3.2
48167723600,23.3,7,8.7,6.4,7.3,3.6
48167723700,34.3,5.9,11.3,8.1,9.9,5.7
48167723800,15.7,8.9,7.9,6.9,7.1,3.5
48167723900,23.2,8.7,8.9,9.5,11.1,4.8
48167724000,36.3,2.3,10.3,4.3,6.6,2.5
48167724101,23.1,7.8,8.2,7.1,7.1,4
48167724200,21.9,4.8,8.2,4.7,5,2.7
48167724300,24.3,5.9,8.7,6.7,7,3.5
48167724400,25.9,7.1,8.7,8.1,8.1,4.8
48167724500,22.6,5.3,8.6,5.7,6.4,3.1
48167724600,37.3,4.5,10.9,6.6,7.8,4.9
48167724700,36.8,6,10.8,9.4,10.7,6.8
48167724800,28,6.8,9,7.5,8,4.5
48167724900,27.2,6.5,8.6,6.7,7.2,4
48167725000,32,5.8,8.6,6.4,7,3.6
48167725100,34.3,6.3,9.9,8.3,8.9,5.7
48167725200,45.8,5,10.3,8.2,9.5,5.6
48167725300,25.1,6.7,8,5.8,5.9,3.2
48167725400,34.7,5.9,8.7,7,7.5,3.9
48167725500,17,9.8,7.5,7.6,6.9,3.8
48167725600,24.5,6.4,8.5,6,6.6,3.4
48167725700,17.9,8.7,7.5,6.7,6.2,3.4
48167725800,29.5,6,8.7,6.3,7.1,3.5
48167725900,20.6,5.7,8.3,4.7,5.3,2.6
48167726000,16.4,8.2,7.9,6.1,6.5,3.1
48167726100,13.5,9.4,7.7,6.9,7,3.4
48167726200,31.6,6,9.5,6.6,7.8,4.3
48185180101,35.3,5.8,10,6.9,8.6,4.6
48185180102,25.2,7.3,9.9,7.7,10.3,4.3
48185180200,29,7.6,9.9,8.2,9.9,4.9
48185180301,19.7,7.9,8.8,6.9,8.1,3.7
48185180302,23.7,7.7,9.8,8.8,10.7,4.9
48199030100,24.1,7.5,10,8.1,10.7,4.3
48199030200,18.4,7.5,9,6.1,7.6,3.3
48199030300,19.4,7,9.1,5.9,7.4,3.2
48199030400,27.2,7.3,10.5,7.7,10.2,4.7
48199030501,17.6,7.4,8.9,5.8,7.2,3.1
48199030502,20.4,6.9,9.1,5.8,7.4,3.1
48199030600,21.4,7,9.3,6.3,8.3,3.4
48199030700,20.9,8.2,9.6,7.2,8.4,4.3
48199030800,23.3,7.7,10.1,7.4,9,4.6
48199030900,21,7.3,9.4,6.5,8.4,3.5
48199031000,20,7.5,9.3,6.7,8.6,3.6
48201100000,21.3,4,6.9,4.1,4.1,2.4
48201210100,34.8,2.1,7.8,2.3,3.3,1.7
48201210400,49.1,4.4,9.4,7.5,7.8,4.4
48201210500,47.8,4.5,8.7,6.8,6.6,4
48201210600,34.8,5.4,7.3,5.6,4.9,3
48201210700,48.4,4.5,9.3,7.1,7.3,4.6
48201210800,48.5,4.6,10.2,7.9,8.9,5.8
48201210900,35.5,5.7,10.9,8.2,9.3,6.8
48201211000,41,5.8,11.4,9.7,10.9,7.8
48201211100,46.9,4.8,10.8,8.7,9.8,6.5
48201211200,41.5,5.6,11.4,9.1,10.5,7.3
48201211300,38.7,5.5,11.5,9.6,10.8,7.6
48201211400,37.5,4.1,10.6,6.2,7.7,4.9
48201211500,53.3,4,8.8,6.8,6.8,3.8
48201211600,45.6,4.8,8.5,6.9,6.5,4.1
48201211700,41,5.6,11.1,9.2,10.3,7.3
48201211900,57.1,4.2,9.1,8.2,8,4.4
48201212300,53.5,4.4,9,8.2,8,4.5
48201212400,51.2,4.4,8.7,7.4,7.1,4.2
48201212500,37.3,7.4,10.9,11.1,11,8.8
48201220100,44.4,5,10.8,8.1,9.2,6.2
48201220200,49.4,4.2,8.3,6.1,6.1,3.4
48201220300,50.3,4,8.4,6.1,6.4,3.4
48201220400,54.3,3.7,9.1,6.3,6.9,3.5
48201220500,54.9,6.1,10.5,12.8,14,7.9
48201220600,52,3.8,9.9,6.4,7.5,3.8
48201220700,55.8,4.3,10.7,8.5,9.9,5.7
48201220800,52.1,4.4,12.3,9.1,11.8,7.1
48201220900,50.8,3.8,9,6,6.4,3.7
48201221000,55.7,3.9,10.4,7.5,9,4.5
48201221100,58.2,3.8,9.6,7.5,8.7,4.2
48201221200,50.7,4.2,8.8,6.4,7.1,3.6
48201221300,51.5,3.9,8.6,5.6,6.2,3.1
48201221400,56.8,3.6,9.3,6,7.1,3.4
48201221500,53.7,3.7,9.9,6.3,7.7,4
48201221600,51.7,4.5,9.2,7.2,8.4,4
48201221700,57.3,3.6,9.2,5.7,6.9,3.2
48201221800,58.5,3.4,9.6,6.6,8,3.7
48201221900,55.2,3.9,9,6.4,7.2,3.6
48201222000,52.7,3.7,9,6.2,6.9,3.6
48201222100,56.3,4.2,9.4,7.4,8.3,4.1
48201222200,54,3.9,9.2,6.7,7.6,4
48201222300,53.7,4.1,9.3,6.7,7.8,3.9
48201222401,56.4,3.7,9.3,6.6,8,3.7
48201222402,53.6,4,9.6,6.7,8.1,3.9
48201222501,62.7,3.1,10.2,7.1,9.1,4.1
48201222502,51.1,4.4,9.3,7.1,8.2,4
48201222503,57.3,3.1,9.5,5.7,7.1,3.4
48201222600,55.3,3,9.9,5.8,7.6,4
48201222700,38.3,5,12.4,7.5,9.6,5.7
48201222800,55.5,3.8,9.8,6.9,8.6,3.9
48201222900,47.2,4.3,9,6.6,7.2,3.9
48201223001,49.7,4.2,9.6,6.4,7.4,4
48201223002,60,4,10.5,8.3,10.1,5.2
48201223100,48.5,4.4,9.2,6,7.4,3.6
48201230100,34.5,5.9,11,7.8,8.6,6.5
48201230200,35,5.9,11.7,9,10.4,7.5
48201230300,34.5,6,10.9,8.8,9.4,7.1
48201230400,44.9,5.1,11,8.7,10,6.7
48201230500,50,4.4,9.1,7.1,7.2,4.5
48201230600,42.6,5.6,11.3,9.5,10.8,7.5
48201230700,37.7,5.5,11.8,8.6,10.2,7
48201230800,40,6,11.7,10.1,11.7,8.2
48201230900,39,5.8,12.1,10,11.6,8.3
48201231000,38.4,5.4,10.5,7.6,8.7,6
48201231100,47,4.4,10.5,7.1,8.6,5
48201231200,36,4.2,11.3,5.7,7.5,4.8
48201231300,31.9,5.2,11.1,7,8.3,5.8
48201231400,31.8,7.3,11.4,10.2,10.9,8.5
48201231500,34.2,6.8,12.1,10.7,12.1,9
48201231600,34.6,6.7,11,9.2,10.2,7.6
48201231700,57.8,3.7,9.7,7,8.2,4
48201231800,43.3,5,10.2,7.6,8.6,5.5
48201231900,36,5.5,10.9,7.4,8.9,6.1
48201232000,42.9,4.9,10.2,7.1,8.3,5.3
48201232100,49.4,4,10.7,7.1,9.1,4.8
48201232200,24.6,3.9,7.9,3.1,3.8,1.9
48201232301,42.1,3.7,9.6,4.9,6.4,3.2
48201232302,36.3,3.6,9.3,3.8,4.9,2.9
48201232401,34.5,4.4,8.6,4.6,5.4,3
48201232402,36.5,4.1,9.6,4.9,5.9,3.6
48201232403,41.5,3.8,9.8,5.3,6.6,3.8
48201232500,45.7,4.9,9,8.6,8.7,5
48201232600,41.2,5.1,8.2,5.9,6,3.4
48201232701,49.2,3.5,10.2,5.6,7.2,4
48201232702,48.7,4.5,9.1,6.4,7.3,4
48201232800,36.5,3.6,9.2,4.3,5.2,3
48201232900,32.8,4.4,9.4,4.9,5.9,3.5
48201233001,34.7,4.6,9.4,5,6.4,3.3
48201233002,25.7,4.9,8.5,4.2,4.7,3
48201233003,27.8,7.2,8,6.6,6.8,3.6
48201233101,51.4,4.2,9.5,7,8.5,4
48201233102,55,3.3,9.6,6.2,7.9,3.5
48201233103,55.2,3.3,9.6,5.9,7.5,3.4
48201233200,43.1,5.1,8.6,6.3,7.2,3.5
48201233300,51.9,3.7,8.5,5.3,6,3
48201233400,48.6,5,9.3,7.8,8.4,4.8
48201233500,49.2,4.6,8.7,6.5,6.9,3.6
48201233600,38.3,5.7,12.1,10,11.7,8.3
48201233701,45.8,4.8,9.1,7.2,7.7,4.5
48201233702,54.4,4.1,9.1,6.6,7.3,3.7
48201233703,48.6,4.4,8.6,6,6.7,3.3
48201240100,46.9,2.9,10.5,4.7,6.7,3.2
48201240400,36.7,4.2,9.4,5.2,6.6,3.4
48201240501,46.3,2.7,11.5,4.3,6.7,3.5
48201240502,50.1,2.4,11.4,4.6,7,3.4
48201240600,52.3,2.3,11.4,4.7,7.3,3.5
48201240701,38.5,3,9.4,3.5,4.8,2.6
48201240702,37.4,2.9,9.2,3.2,4.3,2.4
48201240801,35.1,4,9,4.5,5.7,2.8
48201240802,31.2,5.1,9.2,5.2,6.4,3.3
48201240901,31.1,3.8,9,3.7,4.8,2.6
48201240902,29.1,4.4,8.9,4.1,5,2.8
48201241000,29.8,4.9,9.3,5.3,7.2,3.2
48201241101,25.8,4.8,8.7,4.3,5.6,2.6
48201241102,26.5,4.3,8.5,3.6,4.6,2.3
48201241103,27.5,4,9.1,3.5,4.9,2.3
48201241200,28,4.7,9.2,4.8,6.3,2.9
48201241300,20.9,5.2,8,3.9,4.5,2.4
48201241400,21.6,5.2,8.3,4.2,5.3,2.5
48201241500,37.1,3.6,9.9,4.3,5.9,3
48201250100,31.9,4.6,8.5,4.2,5,2.8
48201250200,35.1,3.6,9.5,3.9,5.2,2.9
48201250301,30.9,3,8.3,3.1,4.2,2.2
48201250302,24.3,4.1,8.4,3.2,4.2,2.2
48201250401,21.6,4.3,8.4,3.3,4.4,2.1
48201250402,17.6,4.8,7.8,3.4,4,2
48201250500,23.4,4.5,8.6,3.8,4.9,2.5
48201250600,34.4,5,9.3,6,7.4,3.6
48201250701,22.2,5.5,8.5,4.5,5.6,2.7
48201250702,17.6,6,8.1,4.5,5.2,2.6
48201250800,14.8,6.9,7.7,4.8,5.1,2.6
48201250900,12.1,7.4,7.5,4.9,4.9,2.5
48201251000,15.4,6.8,7.8,4.9,5.1,2.6
48201251100,18.1,7.7,7.9,6.2,6.4,3.2
48201251200,19.1,6.8,8.5,6.1,6.9,3.3
48201251300,14,7.6,7.7,5.3,5.4,2.7
48201251401,17.3,5.3,8,3.9,4.7,2.2
48201251402,19.4,5.6,8.4,4.5,5.6,2.5
48201251501,13.8,5.2,7.4,3.2,3.6,1.8
48201251502,12.4,7.1,7.6,4.6,4.7,2.4
48201251503,15,5.8,7.8,3.9,4.5,2.2
48201251600,18.8,6.2,8.4,4.9,6.1,2.7
48201251700,25,6.1,9.3,6.4,8.4,3.5
48201251800,21.5,6.6,8.4,5.6,6.7,3
48201251901,21.3,5.7,8.6,4.9,6.2,2.7
48201251902,19.2,6.4,8.3,5,5.8,2.9
48201252000,18.6,4.5,7.8,3.1,3.7,2
48201252100,29.2,5.6,9.2,6.1,7.9,3.4
48201252200,36.1,3.6,8.7,3.9,4.9,2.4
48201252301,37,3.4,8.9,3.8,4.8,2.7
48201252302,37.9,3.5,8.9,4.1,5.1,2.8
48201252400,40,5.1,9.1,6.2,7.8,3.5
48201252500,43.5,4.4,9.1,6.2,7.8,3.4
48201252600,43.5,4.7,9.4,6.6,8.6,3.6
48201252700,29.9,6.2,9.4,7.2,9.1,4
48201252800,31.1,5.7,9.9,6.6,7.9,4.6
48201252900,25.3,6.4,8.8,6,7.4,3.3
48201253000,31.5,5.5,10.3,6.7,8.5,4.7
48201253100,27.3,3.9,8.1,3.1,4,2.1
48201253200,25,5.9,8.8,5.5,6.6,3.2
48201253300,22.2,7.2,8.3,6.1,6.9,3.3
48201253400,36,9.6,8.1,9.8,9.2,5.4
48201253500,32.3,4.8,9.4,5.3,6.6,3.4
48201253600,32.1,6.3,9.7,7.4,9,4.5
48201253700,29.2,6.5,8.6,6.4,6.8,3.7
48201253800,32.6,4.9,8.9,5,6.4,3
48201253900,29,6.5,9.2,6.7,7.8,3.8
48201254000,30.9,6,9,6,7.2,3.5
48201254100,40.7,5.5,9.5,7,8.4,4.1
48201254200,46.2,4.4,9.2,6,7.2,3.5
48201254300,38.3,4.8,8.8,5.7,6.7,3.4
48201254400,50.2,4.2,9.8,7.1,8.3,4.4
48201254500,42.3,4.8,9,6.6,6.6,4.1
48201254600,42.8,4.6,8.7,5.7,6.1,3.3
48201254700,27.5,6.1,8.8,6.3,7.5,3.6
48201310100,29.7,3.7,8.6,4.5,4.8,2.8
48201310200,16.7,3.4,7.1,2.2,2.2,1.5
48201310300,38.4,4.3,7.9,5.2,5.2,2.9
48201310400,56.2,4.7,9.2,9.1,8.8,4.9
48201310500,47.3,4.1,8.1,6.1,5.8,3.4
48201310600,45.6,4,8.2,5.7,5.6,3.1
48201310700,48.2,4.3,8.8,6.5,7.3,3.7
48201310800,48.9,3.8,8.2,5.4,5.5,3
48201310900,53.4,4.1,8.8,7.4,7.2,4
48201311000,55.8,4.2,8.8,7.7,7.4,4.2
48201311100,54.4,4.4,8.5,7.5,7,4
48201311200,48.9,4.1,8.3,6.2,6.1,3.4
48201311300,51.5,4.2,8.5,6.6,6.5,3.6
48201311400,47.8,4.4,8.5,6.6,6.4,4
48201311500,52.6,3.6,8.4,5.4,5.6,3
48201311600,56.1,2.4,8.9,4.3,5.3,2.6
48201311700,52.8,3.2,9.4,5.6,6.6,3.4
48201311800,51.8,3.6,8.5,6.1,6.3,3.3
48201311900,50.4,4.2,8.7,6.6,6.7,3.6
48201312000,19.1,2.8,9.3,2.6,2.9,1.9
48201312100,27.1,0.7,10.5,1.1,2.5,0.8
48201312200,37.1,5.3,11.7,9.5,10.9,7.7
48201312300,30.7,5.4,10.3,7.4,8,5.9
48201312400,33.7,5.5,11.7,9.2,10.4,7.5
48201312500,20.3,3.6,7.6,3.7,3.8,2.4
48201312600,16.7,4.7,7.6,3.7,3.5,2.3
48201312700,19.6,5.5,9.2,5,4.7,4.1
48201312800,33.3,3.1,14,5.8,8.3,5.1
48201312900,22.7,5,10.7,5.4,5.6,4.6
48201313000,23.7,5.4,10.3,6.1,6.5,5.1
48201313100,14.3,5.4,7,3.6,3,2
48201313200,19,6.4,9.2,6,5.2,4.7
48201313300,28.1,6.4,10.8,8.2,8.4,6.7
48201313400,30.8,5.3,10.8,7.2,7.8,5.9
48201313500,35,5.6,11.2,8,9.2,6.6
48201313600,39.9,5.4,11.6,9.2,10.6,7.4
48201313700,28.2,6.7,10.4,8,8.2,6.7
48201313800,34.3,5,12.1,7.4,9.1,6.4
48201313900,18.8,2.6,8.3,2,2.7,1.5
48201314001,16.5,3.5,7,2.6,2.5,1.6
48201314002,18.8,2.5,6.8,1.9,2.1,1.3
48201314300,24.5,3.5,10.3,3.6,4.7,3.2
48201314400,15.9,2.8,6.8,2,2.1,1.2
48201320100,51.5,3.6,8.7,5.6,6.1,3.2
48201320200,44.7,3.8,8,5.2,5.5,3
48201320500,48.2,3.9,8.2,4.8,5.3,2.7
48201320601,47.1,3.6,7.9,4.3,4.7,2.4
48201320602,53.8,4.2,9.2,7.1,7.8,4.1
48201320700,40,4.7,8.2,5.8,6,3.3
48201320800,51.3,4.1,8.6,6.5,6.7,3.5
48201320900,43.9,4.1,8.8,5.8,6.4,3.3
48201321000,45.6,4.8,8.5,6.3,6.8,3.5
48201321100,36.2,3.6,8.1,3.7,4.4,2.3
48201321200,51.8,3.3,9.3,5.4,6.8,3.1
48201321300,48.1,3.7,9.1,5.2,6.3,3.1
48201321401,51.8,4.3,8.9,6.7,7.4,3.7
48201321402,43.6,4.2,7.7,4.3,4.6,2.4
48201321500,52.6,3.4,9,5.1,6,2.9
48201321600,41.8,5,8,5.4,5.8,3
48201321700,37.7,6,7.5,6,5.7,3.2
48201321800,49.3,4.3,8.4,5.7,6.1,3.2
48201321900,50.8,4.3,9,6.5,7.5,3.6
48201322000,53.7,2.6,8.8,4,5.1,2.4
48201322100,49,4.1,9,5.9,7,3.3
48201322200,51.8,4,9,6.3,7.3,3.5
48201322600,38.6,4.9,8.8,5.9,7.1,3.3
48201322700,40.6,4.7,8.4,5.4,6.1,3
48201322800,47,4.4,8.4,5.7,6.4,3.1
48201322900,50.4,3.7,8.7,5,6,2.9
48201323000,55,3.5,9.4,5.9,7.4,3.4
48201323100,49.2,3.7,9,5.7,6.5,3.2
48201323200,43.7,5.2,8.6,6.2,7,3.4
48201323300,47.9,4.3,9.1,6.2,7.3,3.5
48201323400,46.6,4.4,8.8,5.6,6.8,3.2
48201323500,50.5,3.6,9.7,5.7,7.6,3.3
48201323600,30,5.8,8.2,5.5,6.3,3.1
48201323701,27.2,7.6,8.2,7,7.1,3.8
48201323702,29,5.2,8.4,5.2,6.4,2.9
48201323801,36.8,6.1,8.2,6.2,6.8,3.4
48201323802,41.5,5.8,9,7.3,8.4,4
48201323900,41.4,6,9.2,7.8,9.2,4.3
48201324000,30.2,5.8,8.3,5.7,6.8,3.2
48201324100,48.2,3.9,8.7,5.8,6.5,3.2
48201324200,54.5,4.1,8.7,7.2,7.1,3.9
48201330100,35.8,4.1,8.8,4.4,4.8,3.3
48201330200,38.8,4.6,9.6,5.7,6.4,4.3
48201330301,41.2,3,8.6,3.2,4,2.3
48201330302,40.6,4.8,9.5,6,6.7,4.4
48201330303,37.6,3.9,10,5.1,6.3,3.8
48201330400,41.3,4.4,10,6.1,7.2,4.5
48201330500,41.3,4.7,9.5,6.2,6.9,4.5
48201330600,37.5,4.9,10.3,6.4,7.5,4.9
48201330700,42.7,3.6,9.3,4.6,5.5,3.3
48201330800,26.9,3.6,9.2,3.2,4,2.6
48201330900,30.9,3.5,9.5,3.8,4.8,2.9
48201331100,36.7,5.3,12.4,8.6,10.5,7.3
48201331200,33.2,6,12.6,10.1,11.9,8.6
48201331300,29.4,6.9,10.9,9,9.2,7.6
48201331400,39.8,5.3,14.5,9.8,13.2,8.7
48201331500,27.6,6.5,10.3,7.4,7.6,6.2
48201331601,27.8,5.5,11.3,7.1,8.2,6.1
48201331602,27.8,4.2,10.8,4.9,6.1,4.2
48201331700,35.1,6.4,12.3,10.5,11.7,8.7
48201331800,35.5,5.5,12,9.1,10.6,7.6
48201331900,30.2,6.5,10.9,8,8.7,6.8
48201332000,39.6,5.6,12.2,9.7,11.5,8
48201332100,46.2,4.8,11.1,8.3,9.9,6.5
48201332200,39.4,5.2,10.6,7.3,8.3,5.8
48201332300,38,5.9,11.7,9.4,11,7.7
48201332400,33.6,6.5,11.3,9.2,10.3,7.7
48201332500,37.4,5.7,10,7.8,8.4,5.7
48201332600,41.3,5,9.4,7.1,7.4,4.9
48201332700,51.6,4.2,8.5,6.3,6.4,3.5
48201332800,56.5,3.6,9.6,6.7,7.6,4.1
48201332900,52.6,4.2,8.9,6.7,7.1,3.9
48201333000,48.7,4.2,8.5,5.8,6.2,3.2
48201333100,38,4.2,8.2,5.7,6.3,3.7
48201333201,45.9,3.7,9,5.2,5.9,3.3
48201333202,43.7,3.7,9.6,5.2,6.3,3.6
48201333300,49.2,3.1,9.8,4.8,6.3,3.1
48201333500,48.8,3.8,9.5,5.7,6.8,3.7
48201333600,37.5,5.4,8.7,6.7,7.5,3.8
48201333700,48.1,4.2,9,6.4,7.3,3.7
48201333800,42.7,4.1,8.7,5.2,5.8,3.3
48201333901,35.5,3.1,7.5,3,3.5,2
48201333902,34.5,3.7,8.3,3.7,4.4,2.3
48201334001,36.3,4.2,9.4,4.7,5.9,3.1
48201334002,26.1,3.3,8.1,2.7,3.4,1.8
48201334003,32.4,5.4,8.2,5.3,5.9,3.1
48201334100,27,3.9,9.5,3.9,4.5,3.1
48201340100,31.7,3.4,8.9,3.5,5,2.3
48201340201,16.6,6.2,7,4.7,4.6,2.6
48201340202,14.2,5.4,6.9,3.9,3.8,2.2
48201340203,12.2,6.6,7.2,4.4,4.3,2.3
48201340301,10.9,6.9,6.8,4.3,3.9,2.3
48201340302,13.9,7.2,7.5,5.2,5.1,2.7
48201340400,9.9,8.6,7,5.4,4.6,2.7
48201340500,26.6,5.9,8.5,5.8,6.6,3.2
48201340600,13.9,8.5,7.3,5.9,5.6,3
48201340700,21.7,5.7,7.9,5,5.6,2.8
48201340800,15.5,5.4,7.3,3.7,4.1,2.1
48201340900,26.5,3.5,8.5,3.3,4.5,2.1
48201341000,20.9,5.3,8,4.1,4.6,2.4
48201341100,31.7,3.9,8.3,3.7,4.7,2.2
48201341201,31.5,3.8,9.2,4.2,5.6,2.6
48201341202,17.6,7.8,8.1,6.6,6.6,3.4
48201341301,21.5,5.7,8.4,5.6,6.3,3.1
48201341302,26.1,3.5,8.4,3.1,4.3,1.9
48201341400,13.4,7.6,7.4,5.3,5.1,2.7
48201341501,16.9,6.1,7.9,4.6,5.1,2.5
48201341502,15.3,5.6,7.6,3.9,4.4,2.2
48201341600,19.2,6.2,8.3,5.4,6.3,2.9
48201341700,18.4,7.1,8.1,5.6,6.3,3
48201341800,21,6.7,8.5,6,7.1,3.3
48201342001,17,5.9,7.7,4.2,4.7,2.3
48201342002,22.8,5.1,7.7,3.8,4.7,2.2
48201342100,29.4,5.3,8.5,5.4,6.7,3
48201342200,34.7,5.1,8.3,5.1,6,2.9
48201342300,32.7,4.8,8.9,5,6.6,2.9
48201342400,31.4,4.3,8.4,4.1,5.3,2.4
48201342500,21.7,7.2,8.2,6,6.7,3.2
48201342700,22.1,6.7,8.4,5.9,6.8,3.1
48201342800,19.4,5.5,7.8,3.8,4.7,2.1
48201342900,23.1,6.4,8.4,5.7,6.9,3.1
48201343000,28.7,4.9,8.8,4.9,6.3,2.8
48201343100,22.4,5.8,8.3,4.6,5.7,2.6
48201343200,22.3,5.1,8.1,3.9,5,2.3
48201343301,26.6,5.2,8.6,5,6.5,2.8
48201343302,23,5.1,8.3,4.1,5.3,2.4
48201343600,29.6,6.9,9,7.7,8.9,4.3
48201343700,32.9,5.8,9.4,7.1,8.3,4.3
48201350100,24.2,5.5,7.5,4.7,4.9,2.8
48201350200,31.9,5.1,8.3,5.4,6.1,3.2
48201350300,25.2,6.4,8.1,5.8,6.2,3.3
48201350400,33.4,4.4,8.5,4.6,5.4,2.9
48201350500,38.2,4.2,8.7,5.2,6.3,3.2
48201350601,20.8,4.6,8.1,3.6,4.5,2.2
48201350602,20,4.6,7.8,3.5,4.2,2.2
48201350700,17.8,7.2,7.9,5.3,5.8,2.8
48201350801,23.1,5.2,8.3,4.2,5.2,2.5
48201350802,21.3,4.5,8.1,3.7,4.6,2.2
48201410100,21.2,3.8,8.5,3.7,4,2.5
48201410200,13.7,3.4,6.9,1.9,2.1,1.1
48201410300,13.7,5,7.2,3.2,3.3,1.7
48201410401,13,5.6,6.9,3.3,3.2,1.8
48201410402,14.9,4.8,6.7,3.2,3.1,1.7
48201410500,15.4,4.4,6.9,3.1,3.2,1.6
48201410600,14.3,3.2,7.1,2.2,2.4,1.2
48201410701,14.5,4.9,7.1,3.5,3.3,1.8
48201410702,18.5,4,7.5,3.6,3.7,1.9
48201410800,16.5,4.1,7.1,2.9,3,1.5
48201410900,15.5,4.3,7.2,3,3.1,1.6
48201411000,12.6,5.4,7.1,3.5,3.2,1.8
48201411100,11.5,7.7,7,4.9,4.2,2.4
48201411200,11.9,9.1,7.7,6.9,6.2,3.4
48201411300,16,5.6,7.2,3.8,3.6,2
48201411400,10.5,10.1,7.2,6.5,5.4,3.2
48201411501,13.6,4.8,7.2,3,2.9,1.6
48201411502,14.4,4.4,7.1,2.7,2.8,1.5
48201411600,12.3,7.5,7.2,4.8,4.4,2.4
48201411700,15.6,3.1,7.1,1.7,2.1,1
48201411800,13.7,7.1,6.8,4.3,3.6,2.3
48201411900,13.1,6.6,7.4,4.8,4.5,2.4
48201412000,10.8,7.2,7.1,4.5,4,2.2
48201412100,23.5,1.2,7.5,0.9,1.8,0.6
48201412200,11.8,5.6,7,3.5,3.2,1.8
48201412300,8.9,7.3,6.8,4.1,3.4,2.1
48201412400,9.2,7,6.9,4,3.5,2
48201412500,11.7,6.3,7,4,3.7,2.1
48201412600,11.5,6.3,7.1,3.9,3.8,2.1
48201412700,12.6,7.6,6.9,4.9,4.3,2.5
48201412800,11.5,5.9,6.8,3.5,3.4,1.9
48201412900,17.3,6.6,7.4,5,4.4,2.8
48201413000,13.7,5.9,7,3.6,3.4,1.9
48201413100,9.6,6.9,6.8,3.9,3.3,2
48201413201,17.2,4.9,7.4,3.7,3.4,2
48201413202,16.7,5.1,7.3,3.5,3.4,1.9
48201413300,16.9,5.7,7.5,4.2,4.1,2.4
48201420100,31.8,3.2,8.7,3.6,4.4,2.5
48201420200,28.6,5.3,7.6,4.9,5.1,2.8
48201420300,13.6,6.5,7.6,4.3,3.9,2.3
48201420400,16.4,6.9,7.5,5,4.9,2.7
48201420500,51.1,3.5,9.4,6.3,7.2,4.2
48201420600,19.2,6.5,7.5,4.7,4.7,2.6
48201420700,12.3,8.6,6.9,5.7,4.8,2.9
48201420800,11.6,8.2,6.7,5.4,4.3,2.7
48201420900,10.7,7,6.9,4.3,3.8,2.2
48201421000,11.8,6.5,6.9,4,3.7,2.1
48201421101,36.9,2.6,8.4,3.1,4.2,2
48201421102,52.1,2.3,9.3,4.4,5.9,2.7
48201421201,48.8,2.2,8.6,3.3,4.4,2.1
48201421202,59.8,2.3,9.4,4.5,6,2.7
48201421300,43.4,3,8.6,4.8,6,3
48201421401,55.8,2.2,8.5,4.2,5.3,2.5
48201421402,62.1,2.3,9.3,5.1,6.5,3
48201421403,53.5,3.1,8.9,5.4,6.4,3.2
48201421500,39.9,3.4,8.8,4.6,5.6,2.9
48201421600,53.8,2.9,9.1,4.8,6.2,2.9
48201421700,25.3,6.7,7.9,6.7,6.8,3.6
48201421800,21.3,5.6,8.5,5.1,5.3,3
48201421900,11.1,9.5,6.9,6,4.7,2.9
48201422000,14.1,8.1,7.2,5.3,4.7,2.7
48201422100,28.2,6.2,8.3,6.2,6.4,3.6
48201422200,38.4,4.4,12.3,7,9.7,5.9
48201422301,38,3.4,11.1,5.2,7.3,4.3
48201422302,23.9,5.3,9,4.6,5.1,3.4
48201422401,37.2,6.1,10.2,8.3,9.1,5.8
48201422402,41.6,4.4,8.9,5.6,6.6,3.3
48201422500,35.3,5.6,9.5,7.3,8.5,4.3
48201422600,35.5,6.5,8.9,7.5,8.2,4.3
48201422701,44.1,4.6,8.8,6.1,7,3.6
48201422702,35.6,5.7,8,6,6.3,3.3
48201422800,39.5,5.9,9.5,8,8.2,4.6
48201422900,42.1,4.4,9.5,6.1,7.2,3.9
48201423000,46.8,3.6,10.1,5.7,7.5,3.7
48201423100,52.6,2.5,10.3,4.7,6.7,3.4
48201423201,27.1,5.4,8.4,5,5.4,3.2
48201423202,41.9,3.6,10.3,5.3,6.9,3.8
48201423301,24.5,7.1,8.3,6.3,6.2,3.7
48201423302,25.7,6.1,10.1,7,7.6,5
48201423401,26.8,5,10.1,5.7,6.7,4.4
48201423402,26.3,4.2,8.7,4.3,4.9,3.3
48201423500,21.3,6.4,8.1,5.9,5.9,3.6
48201423600,31,4.7,9.5,5.4,6.2,3.9
48201430100,17,8.3,7.4,6.2,5.4,3.2
48201430200,16.6,6.3,7.4,4.4,4.6,2.4
48201430300,9.1,8.2,6.9,4.9,3.9,2.4
48201430400,10.1,8.4,6.9,5.5,4.5,2.7
48201430500,13.4,7.4,7,5.1,4.4,2.6
48201430600,10.5,8.2,7,5.4,4.6,2.7
48201430700,14.3,9.6,6.9,7.1,5.6,3.6
48201430800,10.9,7.6,6.8,4.6,3.8,2.4
48201430900,11,8.8,7,5.8,4.7,2.8
48201431000,14.5,8.5,7.5,6.4,5.8,3.2
48201431101,19.7,6.5,7.9,5.3,5.2,2.9
48201431102,22.9,5.9,8.2,5.4,5.6,3.1
48201431201,23.3,5.3,7.7,4.5,4.3,2.5
48201431202,22.2,5,8,4.6,4.9,2.5
48201431301,23,4,7.9,3.4,3.9,1.9
48201431302,11.7,6.8,7,4,3.6,2.1
48201431401,19,4.6,7.6,3.3,3.7,1.8
48201431402,13.5,4.8,7.2,2.9,3,1.6
48201431501,12.7,7.6,7,4.5,4,2.3
48201431502,13.5,7.3,7.3,4.9,4.6,2.5
48201431600,10.1,10.6,6.9,6.5,4.9,3.1
48201431700,10.5,10,7,6.7,5.2,3.2
48201431801,13.9,6.7,6.5,4.3,3.5,2.1
48201431802,16.3,5.5,7,3.8,3.5,2
48201431900,16.2,5.3,6.9,3.5,3.1,1.9
48201432001,21.4,4.4,7.6,3.8,4.1,2.2
48201432002,40.4,2.7,9.2,3.6,5.2,2.3
48201432100,29,3.4,8.2,3.6,4.2,2.2
48201432200,26.4,5,8.1,4.7,5.2,2.7
48201432300,32.2,2.9,9.3,3.3,4.5,2.3
48201432400,32.7,3.3,9.2,3.7,4.9,2.5
48201432500,36.1,3.7,9.1,4.8,5.9,3
48201432600,27,5.3,8.6,5.4,6.1,3.1
48201432701,59.6,2,9.1,4.5,6.1,2.6
48201432702,30.3,3.5,7.6,3.2,3.9,1.8
48201432801,39.5,3.2,9.1,4.6,5.8,3
48201432802,51.8,4.9,9.3,8.3,8.9,5
48201432901,49.2,3.5,9.1,6.3,7.3,3.7
48201432902,42.4,4,8.6,5.9,6.8,3.6
48201433001,52.8,3.1,9,6.1,7.6,3.9
48201433002,52.5,2.4,8.6,4.3,5.5,2.7
48201433003,49.1,3.9,8.8,7.9,8.7,5
48201433100,53.2,2.5,10.5,4.3,6.5,3.2
48201433201,36.2,4.9,8.6,6.7,7.3,4.1
48201433202,42.3,4.9,8.3,7.5,7.9,4.2
48201433300,31.7,6.9,7.9,8.1,7.9,4.4
48201433400,41.7,3.8,8.9,5.3,6.3,3.4
48201433501,56.7,2.3,10,4.1,6.1,2.8
48201433502,53.1,2.5,9.4,4.7,6.2,3.1
48201433600,38,3,9.8,3.9,5.4,3.1
48201440100,33.5,4.2,8.9,4.9,5.7,3.3
48201450100,12.9,8.1,7.2,5.3,4.7,2.7
48201450200,12.6,7.7,7.1,5.1,4.5,2.6
48201450300,26,5.5,8.7,5,6,3
48201450400,24.1,5.4,8.6,5,6,2.9
48201450500,11.6,9.2,6.9,6.3,5.1,3.1
48201450600,16.3,6.6,7.6,4.9,4.7,2.6
48201450700,10,8.3,6.9,5.1,4.1,2.5
48201450801,21.6,4.9,8.4,4.6,4.9,2.5
48201450802,26.1,4.5,8.7,4.8,5.4,2.8
48201450900,16.7,6.9,7.5,5.2,5,2.7
48201451001,31.5,4.4,9.5,5.6,6.9,3.4
48201451002,26.8,3.4,9.2,3.1,4.1,2.2
48201451100,18.3,6.9,8,5.8,5.9,3.1
48201451200,11.1,8.5,7,5.2,4.5,2.6
48201451300,18.1,6.1,8.1,4.9,5.2,2.7
48201451401,20,6.1,7.8,4.9,4.9,2.8
48201451402,22.5,4,8.3,3,3.6,2
48201451403,19.9,3.5,7.8,2.6,3.2,1.7
48201451500,19.5,4.2,7.7,3.3,3.8,2
48201451601,14,9.4,6.7,6.5,5,3.3
48201451602,19.2,4.9,7.5,4.1,4.4,2.3
48201451700,25.4,4.4,9.1,4.3,5.3,2.9
48201451800,28.5,4.5,8.4,4.5,5.2,2.9
48201451901,29.8,3.6,9.2,3.9,4.9,2.7
48201451902,18.3,5.4,6.5,4.5,4.2,2.5
48201452000,26.7,4,8.8,3.9,4.6,2.5
48201452100,23.3,4.9,8.4,4.5,4.8,2.7
48201452201,29.2,3.2,9,3.2,4.2,2.3
48201452202,27.9,3,8.8,3.1,4.2,2.1
48201452300,36,4.1,8,5.3,5.8,3.4
48201452400,42.7,4,9.1,6.7,7.9,4.2
48201452500,39.1,3.9,9.1,5.5,6.6,3.6
48201452600,37.6,3.5,9.3,5.3,6.6,3.7
48201452700,31.3,4,8,4.7,5.1,3.2
48201452801,32.7,4.2,8.9,5.1,6.1,3.5
48201452802,39.6,3.3,8.7,4.5,5.5,3.1
48201452900,46.6,4.3,9.4,7,8.5,4.3
48201453000,46.6,4,8.6,6,6.7,3.6
48201453100,43,3.8,9.6,6.3,7.4,4.1
48201453200,46.6,3.5,9.9,5.6,7.3,3.9
48201453300,42.9,2.9,11.4,5.8,8.7,4.4
48201453401,39.5,4.4,8.6,5.6,6.5,3.4
48201453402,36.4,3.6,8.2,4.4,5,2.9
48201453403,39.5,4,9.9,6.3,7.5,4.4
48201453501,33.7,3.8,8.4,4.4,5.2,3
48201453502,37.9,4.4,9.5,5.9,7.3,3.9
48201453601,44.6,4,10.3,6.7,8.4,4.4
48201453602,40.7,4.3,9.2,6.1,7.2,4.1
48201453700,38.1,4.1,9.3,5.5,6.6,3.8
48201453800,36.1,5.1,9.1,6.4,7.5,4.1
48201453900,31.3,3.7,7.9,4.4,4.8,2.9
48201454000,30.7,4.3,8.4,5,5.5,3.3
48201454100,28.2,4.6,8.3,4.6,5.2,3
48201454200,32,4.4,8.1,4.2,4.8,2.7
48201454301,30.4,4.1,9,4.4,5.2,3
48201454302,30.4,4.9,8.5,5.2,6,3.3
48201454400,20.5,3.8,8.9,4.2,5.1,2.5
48201454501,11.7,6.1,6.8,3.8,3.7,2.1
48201454502,13.9,5,6.7,3.4,3.2,1.9
48201454600,18,5.7,7.6,4,4.2,2.2
48201454700,13.5,6.6,7.6,4.7,4.9,2.5
48201454800,22.8,5.8,8.4,5,5.9,2.8
48201454900,17.9,4.6,7.2,3.3,3.7,2
48201455000,15.6,5.4,7.7,3.8,4.3,2.2
48201455101,22.3,5.3,8.3,4.2,5.2,2.4
48201455102,16.5,5.4,7.9,3.7,4.4,2.2
48201455200,19,6.3,7.9,4.8,5.4,2.6
48201455300,22.3,4.5,8.2,3.6,4.2,2.2
48201510100,18.7,3.9,6.4,2.8,2.4,1.6
48201510200,17.4,3.4,7.2,2.4,2.5,1.3
48201510300,13.2,5.4,6.8,3.2,2.9,1.7
48201510400,16.4,4.9,7.4,3.4,3.5,1.8
48201510500,16.3,4.7,6.9,3,2.8,1.8
48201510600,16.4,3.4,6.3,2.1,1.9,1.2
48201510700,13.5,3.3,6.6,1.9,2,1
48201510800,13.6,5.4,7,3.4,3.4,1.8
48201510900,18.6,3.7,6.5,2.3,2.2,1.3
48201511001,18,6.9,7.6,5.3,5,2.7
48201511002,19.8,6,7.1,4.4,4.2,2.4
48201511100,17.7,5.5,6.8,3.7,3.1,2.1
48201511200,18.2,4.3,7.2,2.9,3.1,1.7
48201511301,17.2,5.7,7.1,3.8,3.7,2.1
48201511302,15.1,5.9,7.5,4.2,4.1,2.2
48201511400,20.6,5.3,7.6,4.2,4.4,2.3
48201511500,21.6,4.8,7.2,3.5,3.6,1.9
48201511600,38.1,4,7.7,4.6,4.6,2.5
48201520100,22.9,5.6,6.9,4.3,3.9,2.3
48201520200,19.1,6.1,7.1,4.3,4.3,2.3
48201520300,40.2,4.6,8.5,6.2,7.1,3.4
48201520400,51.4,4.6,9.2,7.7,8.8,4.4
48201520500,51.2,4,9.4,6.6,8.2,3.8
48201520601,51.7,3.5,8.6,5.9,7,3.3
48201520602,49,3.9,8.6,5.7,6.7,3.2
48201520700,22.6,6.6,7.3,5.2,4.9,2.8
48201521000,41.7,4.2,8.8,5.7,6.9,3.2
48201521100,55,3.3,9.1,5.7,7.4,3.2
48201521200,43.6,3.9,8.5,5.1,6,3
48201521300,42.1,4.8,8.6,6.1,7,3.5
48201521400,59.1,2.8,9,5.3,6.6,3
48201521500,38.7,5.1,7.9,5.7,6.2,3.1
48201521600,43.3,4.5,8.8,5.8,6.5,3.7
48201521700,43.2,3,9.2,4.3,5.5,2.7
48201521800,32.5,4.3,7.6,4.6,5.1,2.8
48201521900,26.8,6.2,7.7,5.7,5.9,3.1
48201522000,32.5,7.4,7.5,7.4,7,3.9
48201522100,37.1,5.7,8.8,6.7,7.5,3.7
48201522201,39,5.1,8.2,6,6.6,3.3
48201522202,43.3,4.6,9,6.5,8,3.7
48201522301,38.1,4.5,8.7,5.6,6.7,3.2
48201522302,39.2,3.5,7.9,3.9,4.8,2.2
48201522401,30.1,5.7,7.9,5.9,6.1,3.1
48201522402,35.7,5.4,8.3,5.8,6.6,3.2
48201522500,10.6,7.8,7.1,4.8,4.2,2.4
48201530100,44.9,3.9,8.9,5.4,6.6,3.3
48201530200,22.3,6,7.6,4.9,5.1,2.6
48201530300,38.7,5.8,11.6,10,11.6,8.3
48201530400,42.8,5.6,10.6,9.3,10.2,7.1
48201530500,46.1,5,10.8,8.2,9.7,6.3
48201530600,41.1,4.8,10.1,8.2,9.6,5.7
48201530700,49.9,4.3,10.3,7.4,8.8,4.9
48201530800,26.5,6.6,10,7.3,7.4,5.8
48201530900,25,7.3,8.1,6.8,6.7,3.7
48201531000,16.9,6,7.3,4.1,4.1,2.2
48201531100,17.5,6,7.3,4.1,4,2.2
48201531200,24.8,6.1,8.1,5.6,6,3.1
48201531300,40.4,4.2,9.4,6.2,7.7,3.7
48201531400,24.4,7.6,7.7,6.3,6.4,3.3
48201531500,27.3,6.2,8.2,6.1,6.5,3.3
48201531600,22.4,6.8,7.8,5.5,5.6,3
48201531700,14.4,7.1,7.3,4.4,4.2,2.3
48201531800,37.2,5.5,11.9,9.1,10.8,7.5
48201531900,32.4,5.3,10.7,6.6,7.5,5.5
48201532001,38.8,4.3,11.4,6.2,8.5,4.8
48201532002,21.8,6.6,7.8,5.4,5.6,3.1
48201532100,40.6,4.7,9.9,6.6,8.4,4.2
48201532200,46.7,4.3,12.4,8,11.7,5.7
48201532300,31.2,3.9,9.2,4.1,5.4,2.7
48201532400,33.3,4.7,8.4,4.9,5.7,2.9
48201532501,35.5,4,7.9,4.2,4.9,2.6
48201532502,46.5,4.2,9.1,5.9,7,3.5
48201532600,39.6,4,10.1,5.8,7.5,4.3
48201532700,31.7,5.2,9.6,5.8,7,3.9
48201532800,33.9,5.8,9.5,6.8,7.8,4.3
48201532900,38.9,4.1,9.9,5.6,7.1,4.2
48201533000,36.9,4.6,11.4,6.3,7.9,5.4
48201533100,31.7,4.7,10.5,5.5,6.9,4.4
48201533200,31.6,5.3,10.8,7.4,8.5,5.8
48201533300,38,5.3,12.2,9,11,7.5
48201533400,43.9,4.4,10.5,6.8,8.3,5.2
48201533500,40.1,5.2,8.2,5.5,5.9,3.4
48201533600,44.4,3.5,10.2,5.2,7,3.6
48201533701,53.5,2.9,9.7,5.4,6.9,3.4
48201533702,50.9,3.9,9.4,6.6,7.6,4
48201533801,44.3,3.2,8.9,4.2,5.3,2.9
48201533802,45.4,3.8,8.8,5.1,6.2,3.3
48201533901,39.6,3.8,9.2,4.7,5.9,3.3
48201533902,50.3,3.7,11.4,6.4,8.9,4.7
48201534001,48.9,3.3,9.1,5.4,7,3.3
48201534002,44.9,3.9,9.4,5.6,7,3.6
48201534003,43.6,2.7,9,3.7,5,2.7
48201534100,35.8,4,8.2,4.8,5.7,3
48201534201,40.4,4.3,8,5.2,5.8,3
48201534202,20.8,5.6,8,4.5,5.2,2.6
48201534203,42.3,5.5,8.7,7.2,8.1,4.2
48201540100,18.1,4.9,6.7,3.4,3.4,1.9
48201540200,39.4,4.2,8.4,5,6,2.9
48201540501,46.7,3.3,10.2,5.4,8,3.4
48201540502,23,6,8.3,5.3,6.3,2.9
48201540601,23,4.8,8,4.2,5,2.6
48201540602,30.9,4,8.4,3.9,5,2.5
48201540700,24.9,4.6,7.4,3.8,4.4,2.3
48201540800,34.5,3.7,8.2,3.9,4.8,2.4
48201540901,14.5,6.3,7.7,4.4,4.6,2.4
48201540902,21,4.9,8.1,4.2,4.9,2.5
48201541001,23.5,3.8,8.2,3.3,4.1,2.1
48201541002,20,4.3,7.5,3,3.6,1.9
48201541003,18.7,4.1,7.5,2.8,3.3,1.8
48201541100,18.3,5.5,8.1,4.4,5.2,2.5
48201541201,18.4,5,7.9,3.7,4.5,2.2
48201541202,25.7,4.8,8.4,4.4,5.5,2.6
48201541203,13.4,6.8,7.7,4.7,5,2.6
48201541300,36.9,3.7,9,4.4,5.8,2.8
48201541400,27.2,3.9,7.8,3.5,4.1,2.2
48201541500,29.4,4.1,8.5,4.2,5.5,2.6
48201541601,19.2,6.5,8.1,5.4,6.1,3
48201541602,36.3,4.2,8.4,4.7,5.7,2.8
48201541700,23.7,3.5,7.7,2.7,3.2,1.7
48201541800,28.8,4.1,8.6,3.8,4.9,2.3
48201541900,25.5,4.7,8.4,4.6,5.6,2.7
48201542000,26.7,4.3,8,3.8,4.4,2.3
48201542101,33.1,3.3,8.4,3.1,4.1,2.1
48201542102,30.4,3.6,8.5,3.3,4.3,2.3
48201542200,30.1,3.6,8.2,3.1,4,2
48201542301,29.3,3.9,8.1,3.4,4.4,2.2
48201542302,28,4.5,8.1,3.9,4.5,2.4
48201542400,31,3.9,8.2,3.6,4.4,2.3
48201542500,14.6,7.6,7.9,5.7,6,3
48201542600,24.1,4.3,7.6,3.2,3.8,1.9
48201542700,25.9,6.3,8.5,5.8,6.9,3.2
48201542800,23.4,5.6,8.2,4.7,5.5,2.6
48201542900,23.6,4.4,7.9,3.5,4.2,2.1
48201543001,19.8,3.6,7.5,2.4,2.8,1.6
48201543002,17.7,4.5,7.5,3.1,3.5,1.9
48201543003,32.2,3.4,8.4,3.1,4.1,2.1
48201543100,30.9,5.2,8.1,5,5.7,2.9
48201543200,24.2,5.5,7.5,4.6,4.8,2.5
48201550100,47.5,2.5,11.3,4,6.5,3.2
48201550200,42.4,2.5,12.2,4.1,7,3.5
48201550301,34.9,2.7,11.3,3.3,5.5,2.9
48201550302,34.3,3.6,10,4.4,6.1,3.2
48201550401,35.5,3.3,9.5,3.7,5,2.8
48201550402,30.5,3.5,10.2,4,5.4,3.4
48201550500,37.8,3.4,9,4.1,5.1,3
48201550601,36.8,3.8,9.5,4.6,5.8,3.5
48201550602,36.4,3.7,9,4.2,5.1,3.1
48201550603,43.1,3.5,9.5,5,6.3,3.7
48201550700,32.8,3.6,8.6,4,4.9,2.9
48201550800,34.7,3.8,10.1,4.5,5.8,3.6
48201550900,36.8,3.6,8.6,4.5,5.4,3
48201551000,45.4,3.3,9.3,4.8,6.1,3.2
48201551100,34,3.9,9,4.5,5.6,3.2
48201551200,31.3,5.8,8.7,6.4,7.4,3.7
48201551300,24.9,4.7,7.6,4,4.6,2.5
48201551400,25.3,5.4,8.1,4.8,5.2,2.8
48201551500,32.2,3.4,8.3,3.6,4.5,2.3
48201551600,33,4.8,8.7,5.3,6.2,3.3
48201551701,21.4,4.8,7.8,3.9,4.7,2.3
48201551702,16.5,5.1,6.9,3.6,3.8,2.1
48201551703,23.2,4.3,7.9,3.5,4.4,2.2
48201551800,13.7,8.2,7.5,5.9,5.8,3
48201551900,31.4,2.9,9.7,3.2,5,2.2
48201552001,23,6,8,5,5.4,2.9
48201552002,20.4,4.8,7.9,3.8,4.5,2.2
48201552101,25.7,3.9,8.3,3.5,4.5,2.2
48201552102,22.3,6,8.2,5.5,6.4,3.1
48201552103,23.8,5.2,8.3,4.7,5.6,2.7
48201552200,24.4,5.1,8.5,4.5,5.5,2.6
48201552301,18,6.9,8.2,5.4,6.3,3
48201552302,20.3,5.2,8.2,4.3,5,2.4
48201552400,27.5,5.6,8.5,5.3,6.4,3.1
48201552500,28.3,4.6,8.6,4.7,6,2.8
48201552601,29.5,3.9,9.1,4,5.3,2.7
48201552602,18.9,5.9,7.9,4.5,5,2.5
48201552700,21.5,6.4,7.8,5.2,5.4,2.9
48201552800,15.7,8.2,7.6,5.9,5.7,3.1
48201552900,18.4,7.5,8.3,6.4,6.6,3.4
48201553001,20.9,6.3,8.2,5.4,5.8,3.2
48201553002,25.8,6.3,8.3,6,6.5,3.4
48201553100,23.8,6,8.5,5.6,6.1,3.3
48201553200,30.6,5.4,9.4,5.9,7,3.6
48201553300,30.7,3.4,10.3,3.9,5.3,2.8
48201553401,15.6,7.3,7.7,5.2,5.3,2.8
48201553402,18.4,5.9,8,4.9,5.4,2.7
48201553403,20.7,5.4,7.6,4,4.6,2.4
48201553500,18.8,6.6,7.9,5,5.4,2.7
48201553600,18.1,5.7,7.7,4.2,4.8,2.4
48201553700,17.2,6.8,7.9,5.5,5.7,3
48201553801,14.2,6.3,7.7,4.4,4.8,2.4
48201553802,21.5,5.5,8.4,4.7,5.7,2.7
48201553900,15.4,6.6,7.7,4.8,5.1,2.7
48201554001,19.1,6.2,7.8,4.7,5.1,2.6
48201554002,12.9,7.3,7.3,5,4.8,2.6
48201554101,14.5,7.5,7.7,5.3,5.4,2.8
48201554102,17.9,5.4,7.7,4,4.7,2.3
48201554200,22.6,4.4,7.9,3.4,4.3,2.1
48201554301,13.8,7.2,7.7,5.1,5.3,2.7
48201554302,17.9,5.8,7.8,4.3,4.7,2.4
48201554401,13.2,5.6,7.4,3.5,3.8,2
48201554402,17.5,4.9,7.6,3.2,3.9,1.9
48201554403,20.3,4.1,7.7,2.8,3.6,1.7
48201554501,17.3,5.1,7.7,3.4,4,2
48201554502,13.5,6,7.6,3.9,4.3,2.2
48201554600,12.7,6.7,7.6,4.4,4.7,2.4
48201554700,16.7,5.5,7.6,3.9,4.4,2.2
48201554801,25.1,4,8.2,3.2,4.3,2
48201554802,17.7,5.5,7.5,3.8,4.3,2.1
48201554901,26.7,4.4,8.6,4.1,5.4,2.5
48201554902,16,6.4,7.8,4.5,4.8,2.4
48201554903,17.4,5.1,7.5,3.4,3.9,2
48201555000,21.8,5,8.3,4.1,5,2.4
48201555100,22.7,5,8,3.9,4.8,2.3
48201555200,22,5.2,8.1,4.2,4.9,2.4
48201555301,14.1,6.9,7.6,4.9,5.2,2.6
48201555302,15.5,5.4,7.5,3.6,3.9,2
48201555303,18,5.1,7.9,3.6,4.1,2.1
48201555401,21.8,7.3,8.7,6.3,7.3,3.7
48201555402,21.9,8.2,8.3,7,7.4,3.8
48201555501,23.7,6.2,8.8,6.2,7.5,3.3
48201555502,17.8,4.9,7.5,3.3,3.8,1.9
48201555600,19.5,6.9,8.2,5.9,6.7,3.1
48201555701,18.1,4.6,7.8,3.1,4,1.9
48201555702,15.3,5,7.6,3.2,3.7,1.9
48201556000,28.7,5.1,8.6,5,6.1,3
48201980100,34.2,2.4,11.8,2.9,5.2,2.6
48241950500,23.1,8.2,9.8,9.1,11.3,5.1
48241950600,28,7.7,10.5,9.2,11.9,5.4
48241950700,20.2,7.5,8.8,6.3,8.1,3.4
48241950800,23.3,7.7,9.7,8.2,10.6,4.6
48245000101,21,5.6,9.4,4.7,5.9,3.1
48245000102,24.5,5,10.6,5.4,7.2,3.9
48245000103,34.9,4.9,13.9,7.9,11.3,6.8
48245000200,24.8,5.9,10.4,6.1,7.3,4.3
48245000302,13.4,7.8,7.8,5.2,5.2,2.8
48245000304,23,6.6,9.3,5.5,6.8,3.5
48245000306,14.4,7.6,8.1,5,5.2,2.7
48245000307,17.2,5,8.4,3.5,4.1,2.3
48245000308,19.6,6.4,9.2,5.4,6.3,3.3
48245000309,18.2,7.2,8.8,5.6,6.4,3.3
48245000310,17.5,8.1,8.7,6.7,6.9,3.7
48245000400,19.1,6.9,9.1,6,6.8,3.5
48245000500,34.5,6.5,11.5,9.2,11.5,6.4
48245000600,35.9,5,11.7,7.1,9.4,5.7
48245000700,31.9,6.1,12.5,9.4,11.5,8
48245000900,37.1,4.8,12.4,8.1,10.7,6.5
48245001100,26.3,5.3,9.6,5.2,6.6,3.3
48245001200,33.2,4.8,9.8,5.9,7.3,4.1
48245001301,27.3,7.5,10.1,7.9,9.1,5.2
48245001302,22.3,6.3,9.7,5.8,6.8,3.7
48245001303,18.2,6.6,8.8,5.6,6.3,3.6
48245001700,30.3,6.7,11.5,8.4,9.8,7
48245001900,40.8,4.5,10.8,6.7,8.7,5
48245002000,45.6,4.9,11.5,8.4,10.7,6.3
48245002100,33.9,6.4,11.6,8.7,10.4,7.3
48245002200,28.2,6.7,11.8,8.4,9.4,7
48245002300,26.9,7.2,11.2,8.6,9.2,7.3
48245002400,36.7,5.1,11.7,7.5,9.7,6.1
48245002500,35,4.7,11.8,6.4,8.8,5.1
48245002600,27,2.6,11.4,3.4,5,2.6
48245005100,25.6,7.9,10.8,10,10,8
48245005400,36,5.8,11.3,8.8,10.5,7.1
48245005500,36.5,5.4,10.2,7.5,8.8,5.6
48245005600,40.5,4.3,9,5.1,6,3.5
48245005900,31.4,5.2,13.4,7.7,10.1,6.9
48245006100,39,7.1,12.9,13.9,16.1,11.4
48245006300,31.7,6.4,11.7,8.9,10.4,7.5
48245006400,41.1,4.8,11.7,8.3,10.5,6.4
48245006500,39.3,5.6,9.9,7.5,9,4.9
48245006600,38.8,5.2,10.6,7.7,9.8,5.1
48245006700,42,5,10,7.1,8.7,4.6
48245006800,32.9,6.4,9.3,7.5,8.3,4.7
48245006900,23.8,7.4,10.3,8.3,8.9,6.3
48245007001,29.3,7.3,11.1,9.2,11.3,6
48245007002,29.9,7,9.5,8.4,9.7,5.1
48245007100,25.9,7.8,9.3,8.1,9.8,4.5
48245010100,50.6,4.2,10.7,6.9,9,4.6
48245010200,31.4,6.3,9.3,6.6,7.9,4
48245010300,34.7,6.1,9.3,6.7,7.8,4.1
48245010400,21.8,8.3,9,7.9,9.1,4.3
48245010500,28.8,7.2,9,7.8,8.9,4.4
48245010600,23.3,6.7,8.9,6.2,7.7,3.4
48245010700,18.8,7.8,8.5,5.9,7.1,3.2
48245010800,21.4,6.8,9.1,6.2,7.8,3.4
48245010901,18,7.8,8.3,6,6.6,3.2
48245010902,17.2,7.9,8.5,6.3,7.2,3.4
48245011001,18.5,6.7,8.3,4.8,5.6,2.7
48245011002,18.4,6.7,8.5,5,6.1,2.8
48245011101,17.8,7.9,8.4,6,6.8,3.2
48245011102,20.1,6.9,8.9,5.8,7.2,3.2
48245011201,21.8,6.5,8.8,5.8,7.3,3.2
48245011202,38,2.1,7.4,2.9,4,1.9
48245011203,34.5,0.5,8.7,1,1.9,0.7
48245011302,36.9,2.7,6.9,3.6,4.4,2.3
48245011303,18.2,7.3,8.6,5.6,6.9,3
48245011304,23.1,5,7.7,4.9,5.6,3
48245011400,19.4,7.3,8.9,6,7.2,3.6
48245011500,17.9,6.9,8.6,5.2,6.4,2.9
48245011600,22.4,6.9,9.1,6.3,8,3.4
48245011700,42.4,6.6,10.5,10.4,11.6,6.9
48245011800,31.7,6.7,11.8,9.4,10.8,7.9
48245980000,24.3,3.2,8.3,2.2,4,1.5
48291700100,36.1,6.2,10.2,7.7,10.7,4.3
48291700200,33.6,6.1,10.4,8.1,10.1,5.6
48291700300,33.2,6.5,10.6,8.3,11.6,4.7
48291700400,22.3,7,9.8,7,9.6,3.8
48291700500,23.2,7.3,9.9,7.3,9.9,4
48291700600,26.3,8.1,10.4,9.6,12.7,5.2
48291700700,23,7.2,9.7,6.9,9.3,3.9
48291700800,23.1,6.8,9.5,6.2,8.4,3.5
48291700900,30.5,4,10.4,3.4,5.6,2.4
48291701000,33.9,5.3,9.7,5.8,8,3.4
48291701100,21.8,6.6,9.1,5.6,7.6,3.2
48291701200,21.8,7.7,8.9,6.3,7.5,3.6
48291701300,22.7,7.6,9.4,7.1,9.1,3.9
48291701400,28.7,6.4,9.9,7,8.9,4.5
48321730100,40.8,6.9,9.4,9.2,10,5.3
48321730201,30.1,6.8,8.9,7.4,8.3,4.2
48339690100,24.9,5.9,9.1,5.5,7.7,3.1
48339690201,18.2,6.5,8.5,5,6.6,2.8
48339690202,20.7,6.9,8.9,6.1,7.8,3.3
48339690300,28.9,6.6,10,8.2,11.1,4.6
48339690401,17.6,5.9,8.4,4.1,5.4,2.4
48339690402,21.2,5.9,8.6,4.9,6.5,2.8
48339690500,14.2,6.6,7.9,4.5,5.2,2.4
48339690601,13.7,6.2,7.8,3.9,4.6,2.2
48339690602,13.7,5.2,7.4,3.1,3.6,1.8
48339690700,16.1,8.4,8,5.9,6.3,3.1
48339690800,11.4,6.2,7.6,3.7,4.2,2.1
48339690900,10.9,6.2,7.6,3.8,4.1,2.1
48339691000,9.2,8.2,7.4,4.8,4.6,2.5
48339691100,12.8,6.4,7.7,3.9,4.3,2.2
48339691200,11.9,8.7,7.5,5.6,5.4,3
48339691301,12.6,6.5,7.8,4.3,4.8,2.4
48339691302,19.7,8,9.1,7,8.3,4
48339691400,16.8,5.3,8.1,3.7,4.6,2.1
48339691500,15.8,6.2,7.8,4.4,4.9,2.4
48339691601,14.1,8.8,8,6.4,6.6,3.4
48339691602,22.8,5.5,8.7,5,6.3,2.8
48339691700,12,5.9,7.4,3.6,4.1,2
48339691800,24.6,6.5,8.7,5.9,7.3,3.3
48339691900,21,5.3,8.6,4.1,5.6,2.4
48339692001,17.4,4.5,8,2.9,3.9,1.8
48339692002,14.5,4.6,7.6,2.7,3.4,1.6
48339692100,20.5,5.1,8.1,3.9,5,2.3
48339692200,28.7,5.6,9.6,6.1,8.9,3.4
48339692300,25.8,5.4,8.8,5,6.5,2.9
48339692400,20.8,6.4,8.3,4.8,5.8,2.7
48339692500,30.6,5.9,10.2,7,10.4,4
48339692601,34.4,5.5,9.8,6.8,9.8,3.9
48339692602,27.8,5.3,9.1,5.1,7.2,3
48339692700,26.2,6.3,9.7,6.5,9.2,3.7
48339692801,25.2,6.4,9.5,6.3,9,3.6
48339692802,29.8,6.2,9.8,7,9.8,4
48339692900,27.1,6.1,9.5,5.9,8.6,3.4
48339693000,34.1,5.3,9.5,5.8,8.3,3.3
48339693101,44.1,4.4,10,5.8,7.9,3.9
48339693102,37.8,5,9.1,5.3,7,3.2
48339693200,17.9,7.5,8.1,5.5,6.3,3
48339693300,21.5,6.4,8.5,5.3,6.1,3
48339693400,48.6,3.6,10.8,5.9,8.8,3.9
48339693500,29.1,7,9.3,6.8,8.5,3.9
48339693600,24.4,7.9,8.8,7,7.9,4
48339693700,16.1,6.8,8.1,4.7,5.6,2.6
48339693800,32,5,9.7,5.5,7.6,3.3
48339693900,41.9,3.8,8.8,4.8,6.6,2.8
48339694000,27.4,6.4,9.6,6.5,9.4,3.7
48339694101,30.5,5.8,9.9,6.7,9.4,4
48339694102,26.7,5.8,8.8,4.9,6.8,2.9
48339694201,26.8,7.3,9.9,7.9,10.9,4.4
48339694202,16.6,8.5,8.3,6.6,7.5,3.5
48339694301,13,8.7,7.9,6.2,6.5,3.2
48339694302,15.1,8.9,8.1,6.5,7.1,3.4
48339694400,20.6,6.9,8.7,5.9,7.4,3.2
48339694500,15.3,6.6,8.1,4.6,5.7,2.6
48339694600,19.4,6.9,8.8,5.7,7.3,3.3
48339694700,17.9,7,8.7,5.9,7.4,3.3
48351950200,25.1,6.9,9.7,7.5,9.3,4.6
48351950300,29.7,7.4,11.3,10.5,13.9,6.5
48351950400,22.2,7.4,9.6,7.2,9.7,3.9
48361020300,29.2,7.4,10.3,8.9,11.9,5.1
48361020500,26.5,7.9,9.8,8.5,10.9,4.7
48361020700,23.7,7.2,9.9,7.4,9.5,4.3
48361020800,21.1,8.8,9.1,7.6,8.8,4.3
48361021100,21.1,7.4,9.5,7,9.4,3.8
48361021200,19.5,7,9.1,6.2,8.2,3.4
48361021300,18.3,7.8,8.8,6.5,7.7,3.6
48361021400,19,7.4,8.9,6.2,7.9,3.3
48361021501,21.7,6.4,9.3,5.6,8,3.1
48361021502,21.5,7.4,9.3,6.4,8.6,3.5
48361021600,20.3,7.1,9,5.8,7.9,3.2
48361021700,22.7,7.6,9.3,7.2,9.3,3.9
48361021800,19.9,7.7,9,6.5,8.3,3.5
48361021900,23,6.8,9.7,6.7,9.4,3.7
48361022000,25.1,6.9,10,7.3,10.4,4
48361022200,18.5,6.6,8.8,5.5,7.1,3
48361022300,18.2,7.2,8.4,5.4,6.6,2.9
48361022400,19.4,6.8,8.7,5.7,7.1,3
48373210101,23,9.8,9,9.2,10.4,4.8
48373210102,24.7,8.2,9.4,8,10,4.3
48373210203,38.8,4.6,8.9,6.9,9,4.1
48373210204,26.3,8.1,9.4,8.4,9.9,4.7
48373210205,20.4,9.9,9.3,10.4,11.5,5.3
48373210206,18.4,10.3,8.6,9.2,9.8,4.7
48373210302,25.1,8.3,9.8,8.6,10.2,5.2
48373210500,23.5,7.9,9.5,7.9,9.2,4.5
48407200101,26.4,7.1,10,8.2,10.6,4.7
48407200102,26.3,6.9,9.6,7.4,9.6,4.1
48407200200,22.3,8.7,9.6,9.4,11.2,5.1
48407200300,20.9,9.8,9.3,10,11.4,5.4
48457950200,29.9,6.6,8.6,6.5,8,3.7
48457950400,25.6,8.1,10.3,10,13.2,5.4
48457950500,18,9.1,8.8,7.6,8.8,4
48471790101,32.9,4.7,7.9,6.5,7.7,3.9
48471790102,24,7,9.4,6.6,8.5,3.7
48471790103,21.3,7.7,8.9,6.6,7.6,3.8
48471790200,25.5,6.5,9,6.7,8.2,4
48471790300,16.2,9.2,8.3,7.1,7.3,3.8
48471790400,28,4.9,8,5.2,6.2,3.2
48471790500,25.5,4.6,9.9,5.1,6.4,3.2
48471790600,37,4.3,9.1,6.1,7.5,4
48471790700,27.5,2.5,11.1,3.1,5,1.9
48471790800,23.8,3,10.9,3.2,4.7,1.9
48473680100,19.8,6.7,8.2,5.1,5.7,2.7
48473680200,34.4,5.8,9.4,6.4,7.7,4
48473680300,27.3,5.8,10,6.2,7.5,3.8
48473680400,24.1,0.6,12.9,0.7,1.9,0.8
48473680500,30.5,6.3,9.9,7.5,9,4.5
48473680600,22.5,6.6,8.8,5.6,7.2,3.1
48481740500,33.5,6.7,10.4,9.6,10.8,6
48481740600,28.9,6.7,8.7,6.6,7.6,3.7
