model_info,model_run_datetime,ct
220713_DefaultFromLauren,2022/07/13 10:13:25,1212464
Run001_USLEK-Hru1087to03,2022/07/27 13:16:34,1212464
Run002_Run000+USLEPLandfill005,2022/07/28 05:34:28,1212464
Run003_Run002+SyldRedSelHRU,2022/07/28 09:59:03,1212464
Run006_Run005+AGRLUSLEP05,2022/08/03 05:40:38,1212464
Run007_Run006+WETLUSLEP0,2022/08/05 06:55:28,1212464
Run008_Run007+IURBAN2correct,2022/08/05 07:19:27,1212464
Run009_Run008+CHCOVUrban05_Omani,2022/08/05 10:30:40,1212464
Run010_Run008+CHCOVUrban075_Omani,2022/08/05 10:51:19,1212464
Run011_Run008+CHEQN1,2022/08/06 05:02:46,1212464
Run012_Run011+CHCOV197,2022/08/06 05:15:47,1212464
Run013_Run012+CHWmeasurement,2022/08/23 07:29:17,1212464
Run014_Run013+CHCOVLuVeg,2022/08/24 06:12:32,1212464
Run015_Run013+CHCOV1LuVegCHCOV2bare,2022/08/24 06:20:18,1212464
Run016_Run015+CHCOVforLinedChannels,2022/08/24 06:31:36,1212464
Run017_Run016+CHEQN2,2022/08/24 06:43:27,1212464
Run018_Run016+CHEQN3,2022/08/24 06:53:06,1212464
Run019_Run016+CHEQN4,2022/08/24 06:56:54,1212464
Run020_Run016+CHBEDD50Abeshu,2022/08/24 09:14:16,1212464
Run021_Run020+URBCOEFF009,2022/08/25 03:29:48,1212464
Run021_Run020+URBCOEFF009correct,2022/08/25 03:40:34,1212464
Run022_Run021+DIRTMXreduct,2022/08/25 03:51:54,1212464
Run023_Run022+THALFdiv2,2022/08/25 03:59:41,1212464
Run024_Run022+THALFtimes2,2022/08/25 04:06:48,1212464
Run025_Run024+IURBAN1def,2022/08/25 04:13:02,1212464
Run026_Run020+IURBAN1def,2022/08/25 04:28:15,1212464
Run028_Run026+AllFRSTandHAYsplit4classes,2022/08/26 10:19:02,1212464
Run029_Run026+AllFRSTandHAYsplit4classesCQd,2022/08/31 12:38:07,1212464
Run030_Run029+UIDU-UCOMnoBankErosion,2022/09/07 06:06:16,1212464
Rrun031_Run030+QCChanWidths,2022/10/25 06:20:41,1212464
Run032_Run031+DepHeyTho+MannN,2022/11/01 19:03:14,1212464
Run033_Run032+DepWillms,2022/11/01 19:08:50,1212464
Run034_Run032+DepKellh,2022/11/01 19:12:54,1212464